runId,runtimeVariant,service,workFactor,endpointMode,payloadSize,concurrency,repeat,requests,failures,elapsed,requestsPerSecond,p50,p95,p99,p999,min,max,p50Nanos,p95Nanos,p99Nanos,p999Nanos,minNanos,maxNanos
sequential_generated_serious_20260607_165332,go-stdlib,go,10,generated,7,1,1,16460,0,5.00010627s,3291.93,263.953µs,515.527µs,1.159559ms,4.269719ms,48.945µs,14.778833ms,263953,515527,1159559,4269719,48945,14778833
sequential_generated_serious_20260607_165332,go-stdlib,go,10,generated,7,1,2,15540,0,5.000436093s,3107.73,247.66µs,743.244µs,1.996946ms,5.528762ms,50.65µs,12.149824ms,247660,743244,1996946,5528762,50650,12149824
sequential_generated_serious_20260607_165332,go-stdlib,go,10,generated,7,6,1,61259,0,5.000732754s,12250.00,309.285µs,1.295325ms,4.262812ms,10.825584ms,42.701µs,29.586324ms,309285,1295325,4262812,10825584,42701,29586324
sequential_generated_serious_20260607_165332,go-stdlib,go,10,generated,7,6,2,79311,0,5.002369621s,15854.69,289.577µs,832.058µs,2.125017ms,5.261451ms,40.156µs,22.70045ms,289577,832058,2125017,5261451,40156,22700450
sequential_generated_serious_20260607_165332,go-stdlib,go,10,generated,7,12,1,103999,0,5.001305393s,20794.37,370.295µs,1.712814ms,4.421827ms,9.567172ms,42.536µs,55.960231ms,370295,1712814,4421827,9567172,42536,55960231
sequential_generated_serious_20260607_165332,go-stdlib,go,10,generated,7,12,2,109935,0,5.00096135s,21982.77,360.621µs,1.577506ms,4.26042ms,8.079561ms,40.16µs,18.590298ms,360621,1577506,4260420,8079561,40160,18590298
sequential_generated_serious_20260607_165332,go-stdlib,go,10,generated,7,24,1,133868,0,5.001463523s,26765.77,437.975µs,3.478078ms,7.875945ms,13.641347ms,41.047µs,32.53752ms,437975,3478078,7875945,13641347,41047,32537520
sequential_generated_serious_20260607_165332,go-stdlib,go,10,generated,7,24,2,133782,0,5.006619377s,26721.02,439.55µs,3.420489ms,7.6937ms,15.107829ms,40.518µs,26.968791ms,439550,3420489,7693700,15107829,40518,26968791
sequential_generated_serious_20260607_165332,go-stdlib,go,10,generated,7,48,1,123215,0,5.006137779s,24612.79,829.867µs,7.712331ms,15.151117ms,33.651201ms,42.904µs,56.857231ms,829867,7712331,15151117,33651201,42904,56857231
sequential_generated_serious_20260607_165332,go-stdlib,go,10,generated,7,48,2,101711,0,5.003542968s,20327.80,1.005159ms,9.446312ms,19.666476ms,29.842379ms,40.029µs,57.787179ms,1005159,9446312,19666476,29842379,40029,57787179
sequential_generated_serious_20260607_165332,go-stdlib,go,10,generated,7,96,1,130574,0,5.003045032s,26098.91,1.702951ms,13.806769ms,23.14155ms,32.348494ms,42.963µs,45.439605ms,1702951,13806769,23141550,32348494,42963,45439605
sequential_generated_serious_20260607_165332,go-stdlib,go,10,generated,7,96,2,113730,0,5.008062617s,22709.38,1.908901ms,15.716037ms,26.83179ms,41.860583ms,45.607µs,54.259399ms,1908901,15716037,26831790,41860583,45607,54259399
sequential_generated_serious_20260607_165332,go-stdlib,go,10,generated,7,192,1,293988,0,5.003160973s,58760.45,1.839588ms,10.593307ms,15.592002ms,22.341036ms,45.625µs,43.912728ms,1839588,10593307,15592002,22341036,45625,43912728
sequential_generated_serious_20260607_165332,go-stdlib,go,10,generated,7,192,2,294318,0,5.004238789s,58813.74,1.805352ms,10.591547ms,16.816863ms,32.77598ms,42.99µs,64.79393ms,1805352,10591547,16816863,32775980,42990,64793930
sequential_generated_serious_20260607_165332,go-stdlib,go,10,generated,128,1,1,20111,0,5.000158276s,4022.07,234.528µs,339.686µs,580.789µs,1.885855ms,60.66µs,10.32345ms,234528,339686,580789,1885855,60660,10323450
sequential_generated_serious_20260607_165332,go-stdlib,go,10,generated,128,1,2,19599,0,5.000235096s,3919.62,224.942µs,417.061µs,863.939µs,2.897089ms,52.72µs,8.561796ms,224942,417061,863939,2897089,52720,8561796
sequential_generated_serious_20260607_165332,go-stdlib,go,10,generated,128,6,1,69093,0,5.001926147s,13813.28,303.227µs,1.046344ms,2.913504ms,8.434212ms,42.782µs,20.153537ms,303227,1046344,2913504,8434212,42782,20153537
sequential_generated_serious_20260607_165332,go-stdlib,go,10,generated,128,6,2,82981,0,5.000906485s,16593.19,281.591µs,760.173µs,1.582854ms,6.06408ms,54.436µs,18.154675ms,281591,760173,1582854,6064080,54436,18154675
sequential_generated_serious_20260607_165332,go-stdlib,go,10,generated,128,12,1,112383,0,5.000783977s,22473.08,365.443µs,1.395968ms,3.562436ms,9.462394ms,45.785µs,27.657257ms,365443,1395968,3562436,9462394,45785,27657257
sequential_generated_serious_20260607_165332,go-stdlib,go,10,generated,128,12,2,117474,0,5.002184799s,23484.54,371.061µs,1.327277ms,2.908989ms,5.617103ms,42.19µs,38.037988ms,371061,1327277,2908989,5617103,42190,38037988
sequential_generated_serious_20260607_165332,go-stdlib,go,10,generated,128,24,1,136584,0,5.012740809s,27247.37,519.421µs,2.860784ms,5.674019ms,13.790906ms,40.51µs,40.538683ms,519421,2860784,5674019,13790906,40510,40538683
sequential_generated_serious_20260607_165332,go-stdlib,go,10,generated,128,24,2,77785,0,5.001038854s,15553.77,726.008µs,5.922019ms,10.973251ms,21.463074ms,47.417µs,38.32977ms,726008,5922019,10973251,21463074,47417,38329770
sequential_generated_serious_20260607_165332,go-stdlib,go,10,generated,128,48,1,99767,0,5.007295842s,19924.33,1.236844ms,8.379477ms,15.110912ms,26.02756ms,44.371µs,41.639474ms,1236844,8379477,15110912,26027560,44371,41639474
sequential_generated_serious_20260607_165332,go-stdlib,go,10,generated,128,48,2,118299,0,5.00333611s,23644.02,1.117769ms,6.67638ms,11.730171ms,19.702357ms,44.913µs,39.93136ms,1117769,6676380,11730171,19702357,44913,39931360
sequential_generated_serious_20260607_165332,go-stdlib,go,10,generated,128,96,1,147331,0,5.005647527s,29432.96,1.708671ms,10.577925ms,18.77032ms,37.248898ms,49.91µs,65.124631ms,1708671,10577925,18770320,37248898,49910,65124631
sequential_generated_serious_20260607_165332,go-stdlib,go,10,generated,128,96,2,149388,0,5.006305165s,29839.97,1.707315ms,10.719089ms,17.112758ms,30.256044ms,48.852µs,40.392792ms,1707315,10719089,17112758,30256044,48852,40392792
sequential_generated_serious_20260607_165332,go-stdlib,go,10,generated,128,192,1,191457,0,5.002895668s,38269.24,2.503989ms,16.854424ms,28.473119ms,46.81267ms,51.072µs,77.165794ms,2503989,16854424,28473119,46812670,51072,77165794
sequential_generated_serious_20260607_165332,go-stdlib,go,10,generated,128,192,2,89810,0,5.008117564s,17932.89,6.28878ms,33.894347ms,59.140048ms,93.680186ms,53.236µs,176.067788ms,6288780,33894347,59140048,93680186,53236,176067788
sequential_generated_serious_20260607_165332,go-stdlib,go,10,generated,2048,1,1,11493,0,5.000529751s,2298.36,343.84µs,859.812µs,2.160095ms,5.249295ms,114.993µs,10.646081ms,343840,859812,2160095,5249295,114993,10646081
sequential_generated_serious_20260607_165332,go-stdlib,go,10,generated,2048,1,2,12399,0,5.000223133s,2479.69,336.83µs,743.218µs,1.534419ms,4.717799ms,127.381µs,13.919858ms,336830,743218,1534419,4717799,127381,13919858
sequential_generated_serious_20260607_165332,go-stdlib,go,10,generated,2048,6,1,30814,0,5.001276198s,6161.23,719.888µs,2.481131ms,5.666318ms,16.250766ms,114.097µs,27.665314ms,719888,2481131,5666318,16250766,114097,27665314
sequential_generated_serious_20260607_165332,go-stdlib,go,10,generated,2048,6,2,33378,0,5.001017233s,6674.24,695.218µs,2.177066ms,4.92815ms,10.833187ms,108.264µs,31.51444ms,695218,2177066,4928150,10833187,108264,31514440
sequential_generated_serious_20260607_165332,go-stdlib,go,10,generated,2048,12,1,39738,0,5.001509515s,7945.20,1.005225ms,4.358674ms,7.632376ms,15.655864ms,101.843µs,36.230014ms,1005225,4358674,7632376,15655864,101843,36230014
sequential_generated_serious_20260607_165332,go-stdlib,go,10,generated,2048,12,2,44977,0,5.001253869s,8993.14,996.726µs,3.482115ms,5.688033ms,9.305665ms,117.546µs,23.697978ms,996726,3482115,5688033,9305665,117546,23697978
sequential_generated_serious_20260607_165332,go-stdlib,go,10,generated,2048,24,1,45720,0,5.002074312s,9140.21,1.608215ms,8.003852ms,12.430431ms,19.535847ms,113.734µs,28.773272ms,1608215,8003852,12430431,19535847,113734,28773272
sequential_generated_serious_20260607_165332,go-stdlib,go,10,generated,2048,24,2,44796,0,5.005582038s,8949.21,1.618709ms,8.12936ms,13.066935ms,21.914996ms,115.395µs,39.579999ms,1618709,8129360,13066935,21914996,115395,39579999
sequential_generated_serious_20260607_165332,go-stdlib,go,10,generated,2048,48,1,43635,0,5.025531605s,8682.66,2.905595ms,18.49011ms,28.489798ms,44.306442ms,106.979µs,72.523732ms,2905595,18490110,28489798,44306442,106979,72523732
sequential_generated_serious_20260607_165332,go-stdlib,go,10,generated,2048,48,2,43938,0,5.003033027s,8782.27,3.12882ms,17.70688ms,28.142393ms,43.298642ms,121.198µs,79.213989ms,3128820,17706880,28142393,43298642,121198,79213989
sequential_generated_serious_20260607_165332,go-stdlib,go,10,generated,2048,96,1,54788,0,5.026477966s,10899.88,5.120064ms,28.909165ms,43.389322ms,60.878079ms,105.427µs,107.599064ms,5120064,28909165,43389322,60878079,105427,107599064
sequential_generated_serious_20260607_165332,go-stdlib,go,10,generated,2048,96,2,53568,0,5.009850784s,10692.53,4.941379ms,30.396796ms,48.46085ms,72.904952ms,105.057µs,115.381734ms,4941379,30396796,48460850,72904952,105057,115381734
sequential_generated_serious_20260607_165332,go-stdlib,go,10,generated,2048,192,1,65593,0,5.011149939s,13089.41,7.015593ms,50.948338ms,83.549104ms,129.303629ms,114.119µs,189.795062ms,7015593,50948338,83549104,129303629,114119,189795062
sequential_generated_serious_20260607_165332,go-stdlib,go,10,generated,2048,192,2,62934,0,5.01244002s,12555.56,8.129812ms,52.107701ms,84.217674ms,127.79155ms,108.842µs,187.848612ms,8129812,52107701,84217674,127791550,108842,187848612
sequential_generated_serious_20260607_165332,go-stdlib,go,10,generated,8192,1,1,4431,0,5.001721137s,885.90,709.451µs,3.110091ms,6.913176ms,13.917945ms,269.794µs,26.258342ms,709451,3110091,6913176,13917945,269794,26258342
sequential_generated_serious_20260607_165332,go-stdlib,go,10,generated,8192,1,2,6692,0,5.00012937s,1338.37,580.331µs,1.430906ms,3.082327ms,7.022458ms,356.655µs,10.746238ms,580331,1430906,3082327,7022458,356655,10746238
sequential_generated_serious_20260607_165332,go-stdlib,go,10,generated,8192,6,1,18249,0,5.000677188s,3649.31,1.314122ms,3.851608ms,6.489921ms,12.766602ms,297.755µs,20.049021ms,1314122,3851608,6489921,12766602,297755,20049021
sequential_generated_serious_20260607_165332,go-stdlib,go,10,generated,8192,6,2,17328,0,5.001607036s,3464.49,1.352078ms,4.082409ms,7.67397ms,14.817737ms,307.138µs,26.52117ms,1352078,4082409,7673970,14817737,307138,26521170
sequential_generated_serious_20260607_165332,go-stdlib,go,10,generated,8192,12,1,18758,0,5.003178559s,3749.22,2.42093ms,8.243779ms,14.267262ms,24.313857ms,306.573µs,40.772107ms,2420930,8243779,14267262,24313857,306573,40772107
sequential_generated_serious_20260607_165332,go-stdlib,go,10,generated,8192,12,2,16606,0,5.002785476s,3319.35,2.430988ms,10.125186ms,17.578379ms,35.892399ms,311.989µs,60.83248ms,2430988,10125186,17578379,35892399,311989,60832480
sequential_generated_serious_20260607_165332,go-stdlib,go,10,generated,8192,24,1,18835,0,5.003964583s,3764.02,4.621901ms,18.108978ms,28.053753ms,45.441882ms,321.715µs,73.958537ms,4621901,18108978,28053753,45441882,321715,73958537
sequential_generated_serious_20260607_165332,go-stdlib,go,10,generated,8192,24,2,15234,0,5.003239105s,3044.83,4.773672ms,24.5822ms,41.653843ms,68.549821ms,277.693µs,91.508842ms,4773672,24582200,41653843,68549821,277693,91508842
sequential_generated_serious_20260607_165332,go-stdlib,go,10,generated,8192,48,1,22353,0,5.008170117s,4463.31,8.08628ms,30.932766ms,47.49791ms,70.545581ms,283.511µs,103.000265ms,8086280,30932766,47497910,70545581,283511,103000265
sequential_generated_serious_20260607_165332,go-stdlib,go,10,generated,8192,48,2,21107,0,5.015711053s,4208.18,8.13582ms,34.035575ms,52.251692ms,74.602262ms,298.802µs,130.580557ms,8135820,34035575,52251692,74602262,298802,130580557
sequential_generated_serious_20260607_165332,go-stdlib,go,10,generated,8192,96,1,18837,0,5.021568681s,3751.22,15.3596ms,82.946963ms,125.087575ms,180.390841ms,271.515µs,221.196778ms,15359600,82946963,125087575,180390841,271515,221196778
sequential_generated_serious_20260607_165332,go-stdlib,go,10,generated,8192,96,2,27397,0,5.013457366s,5464.69,13.356662ms,53.6766ms,82.20073ms,130.584744ms,269.596µs,215.68758ms,13356662,53676600,82200730,130584744,269596,215687580
sequential_generated_serious_20260607_165332,go-stdlib,go,10,generated,8192,192,1,25768,0,5.025617873s,5127.33,24.765783ms,126.380413ms,202.13122ms,318.036247ms,281.545µs,530.71038ms,24765783,126380413,202131220,318036247,281545,530710380
sequential_generated_serious_20260607_165332,go-stdlib,go,10,generated,8192,192,2,20038,0,5.054017126s,3964.77,31.174589ms,157.286601ms,238.916942ms,372.017759ms,314.535µs,527.812863ms,31174589,157286601,238916942,372017759,314535,527812863
sequential_generated_serious_20260607_165332,oracle-jdk-jvm,helidon,10,generated,7,1,1,11101,0,5.002458793s,2219.11,358.147µs,889.038µs,2.815057ms,7.939957ms,57.284µs,18.627799ms,358147,889038,2815057,7939957,57284,18627799
sequential_generated_serious_20260607_165332,oracle-jdk-jvm,helidon,10,generated,7,1,2,16125,0,5.00013948s,3224.91,285.245µs,441.477µs,882.55µs,3.255987ms,98.009µs,6.553723ms,285245,441477,882550,3255987,98009,6553723
sequential_generated_serious_20260607_165332,oracle-jdk-jvm,helidon,10,generated,7,6,1,60380,0,5.002913874s,12068.97,369.43µs,1.188286ms,2.82837ms,5.848044ms,48.356µs,19.419704ms,369430,1188286,2828370,5848044,48356,19419704
sequential_generated_serious_20260607_165332,oracle-jdk-jvm,helidon,10,generated,7,6,2,61008,0,5.003250755s,12193.67,361.762µs,1.173566ms,2.927992ms,6.801197ms,39.598µs,19.22247ms,361762,1173566,2927992,6801197,39598,19222470
sequential_generated_serious_20260607_165332,oracle-jdk-jvm,helidon,10,generated,7,12,1,108554,0,5.002396707s,21700.40,409.499µs,1.391873ms,3.378309ms,8.868577ms,41.913µs,24.984506ms,409499,1391873,3378309,8868577,41913,24984506
sequential_generated_serious_20260607_165332,oracle-jdk-jvm,helidon,10,generated,7,12,2,97127,0,5.000870993s,19422.02,415.184µs,1.728886ms,4.875342ms,10.09632ms,38.148µs,40.956524ms,415184,1728886,4875342,10096320,38148,40956524
sequential_generated_serious_20260607_165332,oracle-jdk-jvm,helidon,10,generated,7,24,1,140319,0,5.03588418s,27863.83,534.518µs,2.74869ms,6.147454ms,13.926158ms,34.855µs,43.95787ms,534518,2748690,6147454,13926158,34855,43957870
sequential_generated_serious_20260607_165332,oracle-jdk-jvm,helidon,10,generated,7,24,2,165718,0,5.001279697s,33135.12,504.498µs,2.088098ms,4.485516ms,10.078353ms,36.017µs,23.797575ms,504498,2088098,4485516,10078353,36017,23797575
sequential_generated_serious_20260607_165332,oracle-jdk-jvm,helidon,10,generated,7,48,1,233518,0,5.016476513s,46550.20,685.576µs,3.193947ms,6.015506ms,12.191643ms,37.846µs,16.943905ms,685576,3193947,6015506,12191643,37846,16943905
sequential_generated_serious_20260607_165332,oracle-jdk-jvm,helidon,10,generated,7,48,2,187141,0,5.008508171s,37364.62,759.243µs,4.095589ms,9.132674ms,18.80735ms,34.544µs,38.224244ms,759243,4095589,9132674,18807350,34544,38224244
sequential_generated_serious_20260607_165332,oracle-jdk-jvm,helidon,10,generated,7,96,1,261572,0,5.00901145s,52220.28,1.205138ms,6.169012ms,10.432414ms,18.578433ms,39.017µs,34.81998ms,1205138,6169012,10432414,18578433,39017,34819980
sequential_generated_serious_20260607_165332,oracle-jdk-jvm,helidon,10,generated,7,96,2,227211,0,5.002623973s,45418.36,1.289777ms,7.137239ms,12.543643ms,22.921062ms,36.215µs,52.055753ms,1289777,7137239,12543643,22921062,36215,52055753
sequential_generated_serious_20260607_165332,oracle-jdk-jvm,helidon,10,generated,7,192,1,322558,0,5.003435281s,64467.31,1.981596ms,9.650119ms,15.757403ms,29.320575ms,41.76µs,43.930022ms,1981596,9650119,15757403,29320575,41760,43930022
sequential_generated_serious_20260607_165332,oracle-jdk-jvm,helidon,10,generated,7,192,2,314159,0,5.005992075s,62756.59,2.002576ms,9.848652ms,16.051181ms,26.836262ms,42.492µs,44.425967ms,2002576,9848652,16051181,26836262,42492,44425967
sequential_generated_serious_20260607_165332,oracle-jdk-jvm,helidon,10,generated,128,1,1,14105,0,5.000251604s,2820.86,289.84µs,661.521µs,1.741024ms,4.903026ms,40.722µs,16.964262ms,289840,661521,1741024,4903026,40722,16964262
sequential_generated_serious_20260607_165332,oracle-jdk-jvm,helidon,10,generated,128,1,2,18396,0,5.000167935s,3679.08,259.429µs,344.131µs,571.316µs,1.772008ms,142.373µs,8.143026ms,259429,344131,571316,1772008,142373,8143026
sequential_generated_serious_20260607_165332,oracle-jdk-jvm,helidon,10,generated,128,6,1,66252,0,5.000751159s,13248.41,329.42µs,1.0539ms,2.906938ms,7.698574ms,42.842µs,26.396318ms,329420,1053900,2906938,7698574,42842,26396318
sequential_generated_serious_20260607_165332,oracle-jdk-jvm,helidon,10,generated,128,6,2,79440,0,5.001348669s,15883.72,316.817µs,722.74µs,1.587466ms,4.709014ms,52.051µs,15.988862ms,316817,722740,1587466,4709014,52051,15988862
sequential_generated_serious_20260607_165332,oracle-jdk-jvm,helidon,10,generated,128,12,1,128620,0,5.002485676s,25711.22,380.553µs,1.049088ms,2.225981ms,5.585013ms,48.353µs,15.371724ms,380553,1049088,2225981,5585013,48353,15371724
sequential_generated_serious_20260607_165332,oracle-jdk-jvm,helidon,10,generated,128,12,2,69938,0,5.000946717s,13984.95,439.344µs,3.113383ms,8.179389ms,18.868509ms,41.339µs,45.646852ms,439344,3113383,8179389,18868509,41339,45646852
sequential_generated_serious_20260607_165332,oracle-jdk-jvm,helidon,10,generated,128,24,1,82486,0,5.014283259s,16450.21,605.458µs,5.97641ms,14.038587ms,44.604938ms,41.386µs,63.509211ms,605458,5976410,14038587,44604938,41386,63509211
sequential_generated_serious_20260607_165332,oracle-jdk-jvm,helidon,10,generated,128,24,2,111727,0,5.002993678s,22332.03,606.827µs,3.681637ms,8.404328ms,19.124992ms,42.234µs,35.724569ms,606827,3681637,8404328,19124992,42234,35724569
sequential_generated_serious_20260607_165332,oracle-jdk-jvm,helidon,10,generated,128,48,1,206140,0,5.005037283s,41186.51,722.65µs,3.725ms,8.064229ms,15.793913ms,42.493µs,27.21395ms,722650,3725000,8064229,15793913,42493,27213950
sequential_generated_serious_20260607_165332,oracle-jdk-jvm,helidon,10,generated,128,48,2,239987,0,5.009057731s,47910.61,645.217µs,3.037359ms,5.913479ms,16.980399ms,41.609µs,61.880749ms,645217,3037359,5913479,16980399,41609,61880749
sequential_generated_serious_20260607_165332,oracle-jdk-jvm,helidon,10,generated,128,96,1,244854,0,5.001979171s,48951.42,1.27477ms,6.241205ms,11.080264ms,21.138921ms,44.595µs,49.24469ms,1274770,6241205,11080264,21138921,44595,49244690
sequential_generated_serious_20260607_165332,oracle-jdk-jvm,helidon,10,generated,128,96,2,302813,0,5.002612555s,60530.97,1.101299ms,4.964281ms,8.302509ms,15.306452ms,44.204µs,22.487875ms,1101299,4964281,8302509,15306452,44204,22487875
sequential_generated_serious_20260607_165332,oracle-jdk-jvm,helidon,10,generated,128,192,1,331098,0,5.006027102s,66139.87,1.946608ms,8.944932ms,15.275297ms,23.814464ms,47.655µs,38.382751ms,1946608,8944932,15275297,23814464,47655,38382751
sequential_generated_serious_20260607_165332,oracle-jdk-jvm,helidon,10,generated,128,192,2,319903,0,5.004402158s,63924.32,2.046549ms,9.401595ms,14.694425ms,23.399881ms,49.296µs,45.929701ms,2046549,9401595,14694425,23399881,49296,45929701
sequential_generated_serious_20260607_165332,oracle-jdk-jvm,helidon,10,generated,2048,1,1,11154,0,5.000244599s,2230.69,386.944µs,769.572µs,1.488584ms,4.30371ms,139.165µs,8.379306ms,386944,769572,1488584,4303710,139165,8379306
sequential_generated_serious_20260607_165332,oracle-jdk-jvm,helidon,10,generated,2048,1,2,13860,0,5.000411259s,2771.77,342.774µs,472.13µs,769.34µs,2.340084ms,179.353µs,13.69977ms,342774,472130,769340,2340084,179353,13699770
sequential_generated_serious_20260607_165332,oracle-jdk-jvm,helidon,10,generated,2048,6,1,61249,0,5.001113848s,12247.07,412.447µs,931.131µs,1.888528ms,4.478034ms,156.191µs,18.643381ms,412447,931131,1888528,4478034,156191,18643381
sequential_generated_serious_20260607_165332,oracle-jdk-jvm,helidon,10,generated,2048,6,2,65672,0,5.00138472s,13130.76,396.056µs,827.584µs,1.561409ms,3.25458ms,135.419µs,14.946203ms,396056,827584,1561409,3254580,135419,14946203
sequential_generated_serious_20260607_165332,oracle-jdk-jvm,helidon,10,generated,2048,12,1,55523,0,5.00154635s,11101.17,762.52µs,2.890138ms,5.886501ms,15.12943ms,115.152µs,38.96329ms,762520,2890138,5886501,15129430,115152,38963290
sequential_generated_serious_20260607_165332,oracle-jdk-jvm,helidon,10,generated,2048,12,2,74327,0,5.000657027s,14863.45,639.268µs,1.840057ms,3.942172ms,9.121465ms,122.325µs,17.999267ms,639268,1840057,3942172,9121465,122325,17999267
sequential_generated_serious_20260607_165332,oracle-jdk-jvm,helidon,10,generated,2048,24,1,86183,0,5.016636109s,17179.44,996.922µs,3.804722ms,7.960338ms,14.692727ms,122.647µs,33.77893ms,996922,3804722,7960338,14692727,122647,33778930
sequential_generated_serious_20260607_165332,oracle-jdk-jvm,helidon,10,generated,2048,24,2,109545,0,5.001234082s,21903.59,881.512µs,2.723635ms,4.83399ms,8.492202ms,124.534µs,15.458021ms,881512,2723635,4833990,8492202,124534,15458021
sequential_generated_serious_20260607_165332,oracle-jdk-jvm,helidon,10,generated,2048,48,1,102005,0,5.001697476s,20394.08,1.677205ms,6.630652ms,12.431233ms,26.069937ms,124.033µs,37.823358ms,1677205,6630652,12431233,26069937,124033,37823358
sequential_generated_serious_20260607_165332,oracle-jdk-jvm,helidon,10,generated,2048,48,2,79310,0,5.001439874s,15857.43,1.989965ms,9.061468ms,16.121117ms,32.144735ms,121.467µs,46.770623ms,1989965,9061468,16121117,32144735,121467,46770623
sequential_generated_serious_20260607_165332,oracle-jdk-jvm,helidon,10,generated,2048,96,1,115182,0,5.000919034s,23032.17,3.38349ms,10.603675ms,17.036369ms,31.281086ms,142.388µs,46.580389ms,3383490,10603675,17036369,31281086,142388,46580389
sequential_generated_serious_20260607_165332,oracle-jdk-jvm,helidon,10,generated,2048,96,2,113213,0,5.018389594s,22559.63,3.392279ms,11.142969ms,19.345888ms,34.59078ms,137.965µs,58.236906ms,3392279,11142969,19345888,34590780,137965,58236906
sequential_generated_serious_20260607_165332,oracle-jdk-jvm,helidon,10,generated,2048,192,1,150534,0,5.005693797s,30072.55,5.478134ms,14.984771ms,23.497657ms,49.942657ms,147.049µs,83.311441ms,5478134,14984771,23497657,49942657,147049,83311441
sequential_generated_serious_20260607_165332,oracle-jdk-jvm,helidon,10,generated,2048,192,2,131858,0,5.004651225s,26347.09,5.8671ms,18.197528ms,30.427197ms,55.765857ms,128.577µs,75.231964ms,5867100,18197528,30427197,55765857,128577,75231964
sequential_generated_serious_20260607_165332,oracle-jdk-jvm,helidon,10,generated,8192,1,1,7747,0,5.000063813s,1549.38,582.412µs,1.088152ms,1.951014ms,3.823283ms,380.345µs,9.243103ms,582412,1088152,1951014,3823283,380345,9243103
sequential_generated_serious_20260607_165332,oracle-jdk-jvm,helidon,10,generated,8192,1,2,8442,0,5.000155115s,1688.35,560.668µs,781.819µs,1.305645ms,4.427827ms,357.264µs,14.433012ms,560668,781819,1305645,4427827,357264,14433012
sequential_generated_serious_20260607_165332,oracle-jdk-jvm,helidon,10,generated,8192,6,1,33562,0,5.000598306s,6711.60,726.94µs,1.745549ms,3.256597ms,8.474894ms,391.106µs,20.496314ms,726940,1745549,3256597,8474894,391106,20496314
sequential_generated_serious_20260607_165332,oracle-jdk-jvm,helidon,10,generated,8192,6,2,30723,0,5.0007298s,6143.70,766.724µs,2.020458ms,4.125743ms,9.589275ms,400.224µs,21.116044ms,766724,2020458,4125743,9589275,400224,21116044
sequential_generated_serious_20260607_165332,oracle-jdk-jvm,helidon,10,generated,8192,12,1,41897,0,5.002819461s,8374.68,1.200335ms,3.065863ms,5.575077ms,11.21667ms,389.258µs,19.029279ms,1200335,3065863,5575077,11216670,389258,19029279
sequential_generated_serious_20260607_165332,oracle-jdk-jvm,helidon,10,generated,8192,12,2,37610,0,5.000886347s,7520.67,1.2637ms,3.716042ms,7.038523ms,13.135752ms,368.265µs,24.610861ms,1263700,3716042,7038523,13135752,368265,24610861
sequential_generated_serious_20260607_165332,oracle-jdk-jvm,helidon,10,generated,8192,24,1,49186,0,5.001133957s,9834.97,2.092037ms,5.29025ms,8.248166ms,13.078066ms,339.752µs,27.76557ms,2092037,5290250,8248166,13078066,339752,27765570
sequential_generated_serious_20260607_165332,oracle-jdk-jvm,helidon,10,generated,8192,24,2,53100,0,5.001914752s,10615.93,1.914735ms,4.707347ms,8.085253ms,22.867062ms,356.802µs,40.345054ms,1914735,4707347,8085253,22867062,356802,40345054
sequential_generated_serious_20260607_165332,oracle-jdk-jvm,helidon,10,generated,8192,48,1,54959,0,5.003933284s,10983.16,3.862096ms,9.282904ms,13.450138ms,23.785279ms,387.103µs,46.965125ms,3862096,9282904,13450138,23785279,387103,46965125
sequential_generated_serious_20260607_165332,oracle-jdk-jvm,helidon,10,generated,8192,48,2,56445,0,5.00590369s,11275.69,3.793499ms,8.751218ms,13.540049ms,19.354195ms,354.159µs,29.527079ms,3793499,8751218,13540049,19354195,354159,29527079
sequential_generated_serious_20260607_165332,oracle-jdk-jvm,helidon,10,generated,8192,96,1,36443,0,5.010876397s,7272.78,8.725477ms,44.702849ms,78.091059ms,137.470256ms,369.861µs,189.165223ms,8725477,44702849,78091059,137470256,369861,189165223
sequential_generated_serious_20260607_165332,oracle-jdk-jvm,helidon,10,generated,8192,96,2,53913,0,5.006943067s,10767.65,7.822965ms,19.321235ms,26.800116ms,36.029315ms,376.202µs,51.592574ms,7822965,19321235,26800116,36029315,376202,51592574
sequential_generated_serious_20260607_165332,oracle-jdk-jvm,helidon,10,generated,8192,192,1,47121,0,5.071091344s,9292.08,17.660479ms,46.206577ms,66.186273ms,95.742507ms,378.051µs,128.599122ms,17660479,46206577,66186273,95742507,378051,128599122
sequential_generated_serious_20260607_165332,oracle-jdk-jvm,helidon,10,generated,8192,192,2,57696,0,5.015953188s,11502.50,15.299266ms,34.496275ms,48.04638ms,72.143805ms,373.061µs,99.225339ms,15299266,34496275,48046380,72143805,373061,99225339
sequential_generated_serious_20260607_165332,oracle-jdk-leyden-aot,helidon,10,generated,7,1,1,20107,0,5.000080051s,4021.34,234.869µs,326.848µs,524.718µs,2.225123ms,40.842µs,9.238473ms,234869,326848,524718,2225123,40842,9238473
sequential_generated_serious_20260607_165332,oracle-jdk-leyden-aot,helidon,10,generated,7,1,2,15536,0,5.01052291s,3100.67,262.393µs,568.719µs,1.657433ms,6.064724ms,37.399µs,25.507656ms,262393,568719,1657433,6064724,37399,25507656
sequential_generated_serious_20260607_165332,oracle-jdk-leyden-aot,helidon,10,generated,7,6,1,57437,0,5.001273397s,11484.48,344.924µs,1.234071ms,4.009794ms,15.43454ms,46.706µs,30.869425ms,344924,1234071,4009794,15434540,46706,30869425
sequential_generated_serious_20260607_165332,oracle-jdk-leyden-aot,helidon,10,generated,7,6,2,82452,0,5.000609552s,16488.39,297.942µs,736.923µs,1.645035ms,4.67779ms,49.559µs,11.013096ms,297942,736923,1645035,4677790,49559,11013096
sequential_generated_serious_20260607_165332,oracle-jdk-leyden-aot,helidon,10,generated,7,12,1,93947,0,5.002781433s,18778.95,425.286µs,1.746499ms,4.843429ms,11.451661ms,42.947µs,18.089369ms,425286,1746499,4843429,11451661,42947,18089369
sequential_generated_serious_20260607_165332,oracle-jdk-leyden-aot,helidon,10,generated,7,12,2,115723,0,5.001572159s,23137.32,381.607µs,1.239206ms,3.24666ms,8.583523ms,40.063µs,39.223188ms,381607,1239206,3246660,8583523,40063,39223188
sequential_generated_serious_20260607_165332,oracle-jdk-leyden-aot,helidon,10,generated,7,24,1,159701,0,5.001382581s,31931.37,485.906µs,2.30571ms,5.298887ms,11.763686ms,35.952µs,26.775264ms,485906,2305710,5298887,11763686,35952,26775264
sequential_generated_serious_20260607_165332,oracle-jdk-leyden-aot,helidon,10,generated,7,24,2,135435,0,5.006367576s,27052.55,531.211µs,2.764994ms,6.926798ms,17.666867ms,36.299µs,56.287956ms,531211,2764994,6926798,17666867,36299,56287956
sequential_generated_serious_20260607_165332,oracle-jdk-leyden-aot,helidon,10,generated,7,48,1,150222,0,5.001025787s,30038.24,828.536µs,5.752508ms,12.372226ms,27.629968ms,37.007µs,52.568987ms,828536,5752508,12372226,27629968,37007,52568987
sequential_generated_serious_20260607_165332,oracle-jdk-leyden-aot,helidon,10,generated,7,48,2,91182,0,5.002645149s,18226.76,1.09245ms,10.8593ms,20.61649ms,36.773275ms,36.508µs,82.377078ms,1092450,10859300,20616490,36773275,36508,82377078
sequential_generated_serious_20260607_165332,oracle-jdk-leyden-aot,helidon,10,generated,7,96,1,139677,0,5.007228087s,27895.07,1.776336ms,13.105881ms,22.797879ms,34.390305ms,37.385µs,57.514222ms,1776336,13105881,22797879,34390305,37385,57514222
sequential_generated_serious_20260607_165332,oracle-jdk-leyden-aot,helidon,10,generated,7,96,2,123816,0,5.001168017s,24757.42,1.650507ms,15.737507ms,27.53213ms,54.508026ms,37.931µs,84.848452ms,1650507,15737507,27532130,54508026,37931,84848452
sequential_generated_serious_20260607_165332,oracle-jdk-leyden-aot,helidon,10,generated,7,192,1,166177,0,5.006142238s,33194.62,3.379793ms,20.984424ms,31.290023ms,46.791547ms,42.294µs,66.506396ms,3379793,20984424,31290023,46791547,42294,66506396
sequential_generated_serious_20260607_165332,oracle-jdk-leyden-aot,helidon,10,generated,7,192,2,166557,0,5.014749689s,33213.42,3.288046ms,21.686724ms,32.337859ms,43.315427ms,38.71µs,59.148918ms,3288046,21686724,32337859,43315427,38710,59148918
sequential_generated_serious_20260607_165332,oracle-jdk-leyden-aot,helidon,10,generated,128,1,1,18739,0,5.001781713s,3746.46,101.726µs,723.74µs,4.237426ms,10.319282ms,34.793µs,20.149688ms,101726,723740,4237426,10319282,34793,20149688
sequential_generated_serious_20260607_165332,oracle-jdk-leyden-aot,helidon,10,generated,128,1,2,14628,0,5.000165311s,2925.50,269.404µs,483.282µs,2.575852ms,12.257243ms,43.503µs,34.503916ms,269404,483282,2575852,12257243,43503,34503916
sequential_generated_serious_20260607_165332,oracle-jdk-leyden-aot,helidon,10,generated,128,6,1,85584,0,5.000889891s,17113.75,294.605µs,623.117µs,1.36404ms,5.530604ms,59.497µs,15.973013ms,294605,623117,1364040,5530604,59497,15973013
sequential_generated_serious_20260607_165332,oracle-jdk-leyden-aot,helidon,10,generated,128,6,2,77496,0,5.008324352s,15473.44,309.115µs,794.558µs,1.739009ms,4.973043ms,62.285µs,28.884292ms,309115,794558,1739009,4973043,62285,28884292
sequential_generated_serious_20260607_165332,oracle-jdk-leyden-aot,helidon,10,generated,128,12,1,96129,0,5.002296948s,19216.97,434.85µs,1.579243ms,4.047533ms,12.049097ms,47.008µs,38.867568ms,434850,1579243,4047533,12049097,47008,38867568
sequential_generated_serious_20260607_165332,oracle-jdk-leyden-aot,helidon,10,generated,128,12,2,73510,0,5.002869263s,14693.57,470.437µs,2.526703ms,7.013506ms,18.830793ms,42.154µs,40.192694ms,470437,2526703,7013506,18830793,42154,40192694
sequential_generated_serious_20260607_165332,oracle-jdk-leyden-aot,helidon,10,generated,128,24,1,203773,0,5.00242254s,40734.86,450.964µs,1.588278ms,3.080096ms,6.479819ms,41.209µs,14.284887ms,450964,1588278,3080096,6479819,41209,14284887
sequential_generated_serious_20260607_165332,oracle-jdk-leyden-aot,helidon,10,generated,128,24,2,205294,0,5.001875907s,41043.40,454.072µs,1.523431ms,2.949203ms,6.207793ms,38.73µs,27.944494ms,454072,1523431,2949203,6207793,38730,27944494
sequential_generated_serious_20260607_165332,oracle-jdk-leyden-aot,helidon,10,generated,128,48,1,256193,0,5.002572908s,51212.25,666.843µs,2.698467ms,5.003105ms,14.195925ms,42.122µs,32.919564ms,666843,2698467,5003105,14195925,42122,32919564
sequential_generated_serious_20260607_165332,oracle-jdk-leyden-aot,helidon,10,generated,128,48,2,247577,0,5.003535677s,49480.41,661.49µs,2.904582ms,5.489134ms,12.400449ms,43.945µs,26.964205ms,661490,2904582,5489134,12400449,43945,26964205
sequential_generated_serious_20260607_165332,oracle-jdk-leyden-aot,helidon,10,generated,128,96,1,248497,0,5.002810994s,49671.47,1.223202ms,6.493082ms,11.59678ms,17.81701ms,48.002µs,28.866067ms,1223202,6493082,11596780,17817010,48002,28866067
sequential_generated_serious_20260607_165332,oracle-jdk-leyden-aot,helidon,10,generated,128,96,2,246636,0,5.002933609s,49298.28,1.176126ms,6.319481ms,13.079132ms,29.767566ms,47.409µs,47.884608ms,1176126,6319481,13079132,29767566,47409,47884608
sequential_generated_serious_20260607_165332,oracle-jdk-leyden-aot,helidon,10,generated,128,192,1,370534,0,5.002814552s,74065.11,1.862028ms,7.715556ms,11.438891ms,16.041189ms,48.052µs,32.242116ms,1862028,7715556,11438891,16041189,48052,32242116
sequential_generated_serious_20260607_165332,oracle-jdk-leyden-aot,helidon,10,generated,128,192,2,357599,0,5.009934448s,71377.98,1.801268ms,8.144417ms,14.646946ms,27.187861ms,48.059µs,40.215944ms,1801268,8144417,14646946,27187861,48059,40215944
sequential_generated_serious_20260607_165332,oracle-jdk-leyden-aot,helidon,10,generated,2048,1,1,14316,0,5.000173263s,2863.10,337.356µs,438.665µs,649.873µs,1.676832ms,192.006µs,13.298752ms,337356,438665,649873,1676832,192006,13298752
sequential_generated_serious_20260607_165332,oracle-jdk-leyden-aot,helidon,10,generated,2048,1,2,15023,0,5.000192613s,3004.48,318.841µs,430.67µs,603.473µs,1.724621ms,192.214µs,6.97128ms,318841,430670,603473,1724621,192214,6971280
sequential_generated_serious_20260607_165332,oracle-jdk-leyden-aot,helidon,10,generated,2048,6,1,51492,0,5.00132804s,10295.67,442.388µs,1.260226ms,2.855436ms,7.242783ms,143.477µs,29.23952ms,442388,1260226,2855436,7242783,143477,29239520
sequential_generated_serious_20260607_165332,oracle-jdk-leyden-aot,helidon,10,generated,2048,6,2,55268,0,5.000563678s,11052.35,418.855µs,1.099529ms,2.671229ms,8.043427ms,140.821µs,38.027694ms,418855,1099529,2671229,8043427,140821,38027694
sequential_generated_serious_20260607_165332,oracle-jdk-leyden-aot,helidon,10,generated,2048,12,1,73617,0,5.002879061s,14714.93,637.599µs,1.869658ms,4.067282ms,9.110673ms,125.412µs,14.136646ms,637599,1869658,4067282,9110673,125412,14136646
sequential_generated_serious_20260607_165332,oracle-jdk-leyden-aot,helidon,10,generated,2048,12,2,93651,0,5.001208977s,18725.67,542.588µs,1.277577ms,2.610924ms,7.030652ms,116.308µs,28.417402ms,542588,1277577,2610924,7030652,116308,28417402
sequential_generated_serious_20260607_165332,oracle-jdk-leyden-aot,helidon,10,generated,2048,24,1,115720,0,5.001576826s,23136.70,811.801µs,2.382064ms,5.419021ms,14.118543ms,111.785µs,36.937117ms,811801,2382064,5419021,14118543,111785,36937117
sequential_generated_serious_20260607_165332,oracle-jdk-leyden-aot,helidon,10,generated,2048,24,2,113185,0,5.00162955s,22629.62,841.883µs,2.558264ms,4.934513ms,10.34115ms,117.302µs,43.735866ms,841883,2558264,4934513,10341150,117302,43735866
sequential_generated_serious_20260607_165332,oracle-jdk-leyden-aot,helidon,10,generated,2048,48,1,142869,0,5.001800564s,28563.51,1.355748ms,4.118531ms,6.848385ms,19.384943ms,126.122µs,59.843557ms,1355748,4118531,6848385,19384943,126122,59843557
sequential_generated_serious_20260607_165332,oracle-jdk-leyden-aot,helidon,10,generated,2048,48,2,139219,0,5.00214377s,27831.87,1.389515ms,4.322119ms,7.133695ms,11.973187ms,131.02µs,37.31539ms,1389515,4322119,7133695,11973187,131020,37315390
sequential_generated_serious_20260607_165332,oracle-jdk-leyden-aot,helidon,10,generated,2048,96,1,151334,0,5.002843609s,30249.60,2.694301ms,7.696515ms,11.59339ms,20.792754ms,125.945µs,44.847639ms,2694301,7696515,11593390,20792754,125945,44847639
sequential_generated_serious_20260607_165332,oracle-jdk-leyden-aot,helidon,10,generated,2048,96,2,136065,0,5.002445451s,27199.70,2.818952ms,8.992328ms,15.232501ms,28.15128ms,120.795µs,54.5417ms,2818952,8992328,15232501,28151280,120795,54541700
sequential_generated_serious_20260607_165332,oracle-jdk-leyden-aot,helidon,10,generated,2048,192,1,152778,0,5.01437068s,30468.03,5.420405ms,15.554581ms,22.188053ms,38.33483ms,144.832µs,60.838119ms,5420405,15554581,22188053,38334830,144832,60838119
sequential_generated_serious_20260607_165332,oracle-jdk-leyden-aot,helidon,10,generated,2048,192,2,137389,0,5.040552416s,27256.73,5.832403ms,17.314565ms,25.104983ms,37.918136ms,131.08µs,60.681813ms,5832403,17314565,25104983,37918136,131080,60681813
sequential_generated_serious_20260607_165332,oracle-jdk-leyden-aot,helidon,10,generated,8192,1,1,6508,0,5.000430188s,1301.49,627.392µs,1.405547ms,3.832537ms,9.43033ms,374.774µs,20.653829ms,627392,1405547,3832537,9430330,374774,20653829
sequential_generated_serious_20260607_165332,oracle-jdk-leyden-aot,helidon,10,generated,8192,1,2,9633,0,5.00043523s,1926.43,496.445µs,672.976µs,910.745µs,1.440317ms,353.05µs,3.397349ms,496445,672976,910745,1440317,353050,3397349
sequential_generated_serious_20260607_165332,oracle-jdk-leyden-aot,helidon,10,generated,8192,6,1,36579,0,5.00071658s,7314.75,712.562µs,1.433717ms,2.429899ms,4.691605ms,365.679µs,15.156811ms,712562,1433717,2429899,4691605,365679,15156811
sequential_generated_serious_20260607_165332,oracle-jdk-leyden-aot,helidon,10,generated,8192,6,2,36353,0,5.000725555s,7269.55,694.255µs,1.466684ms,3.045061ms,8.033104ms,376.777µs,23.592331ms,694255,1466684,3045061,8033104,376777,23592331
sequential_generated_serious_20260607_165332,oracle-jdk-leyden-aot,helidon,10,generated,8192,12,1,39604,0,5.001739026s,7918.05,1.257146ms,3.323277ms,5.740356ms,10.980884ms,387.892µs,16.514698ms,1257146,3323277,5740356,10980884,387892,16514698
sequential_generated_serious_20260607_165332,oracle-jdk-leyden-aot,helidon,10,generated,8192,12,2,45004,0,5.001198946s,8998.64,1.145118ms,2.704394ms,4.758488ms,9.480006ms,386.2µs,20.282416ms,1145118,2704394,4758488,9480006,386200,20282416
sequential_generated_serious_20260607_165332,oracle-jdk-leyden-aot,helidon,10,generated,8192,24,1,40862,0,5.002074534s,8169.01,2.408933ms,6.868147ms,11.452172ms,17.983377ms,385.653µs,34.545361ms,2408933,6868147,11452172,17983377,385653,34545361
sequential_generated_serious_20260607_165332,oracle-jdk-leyden-aot,helidon,10,generated,8192,24,2,46893,0,5.001131159s,9376.48,2.137323ms,5.869004ms,9.280996ms,20.010575ms,372.133µs,36.401786ms,2137323,5869004,9280996,20010575,372133,36401786
sequential_generated_serious_20260607_165332,oracle-jdk-leyden-aot,helidon,10,generated,8192,48,1,56504,0,5.001427554s,11297.57,3.836554ms,8.853704ms,12.638806ms,18.369686ms,386.699µs,46.549509ms,3836554,8853704,12638806,18369686,386699,46549509
sequential_generated_serious_20260607_165332,oracle-jdk-leyden-aot,helidon,10,generated,8192,48,2,45719,0,5.004027743s,9136.44,4.527596ms,11.286212ms,17.178198ms,26.806345ms,412.969µs,47.663054ms,4527596,11286212,17178198,26806345,412969,47663054
sequential_generated_serious_20260607_165332,oracle-jdk-leyden-aot,helidon,10,generated,8192,96,1,45983,0,5.008584711s,9180.84,8.679791ms,24.139206ms,36.43354ms,67.116218ms,369.61µs,87.276031ms,8679791,24139206,36433540,67116218,369610,87276031
sequential_generated_serious_20260607_165332,oracle-jdk-leyden-aot,helidon,10,generated,8192,96,2,58536,0,5.007326907s,11690.07,7.26385ms,17.584591ms,23.888817ms,41.349212ms,359.026µs,60.365977ms,7263850,17584591,23888817,41349212,359026,60365977
sequential_generated_serious_20260607_165332,oracle-jdk-leyden-aot,helidon,10,generated,8192,192,1,65013,0,5.021036652s,12948.12,13.587643ms,29.101547ms,39.538663ms,50.760588ms,377.258µs,71.745124ms,13587643,29101547,39538663,50760588,377258,71745124
sequential_generated_serious_20260607_165332,oracle-jdk-leyden-aot,helidon,10,generated,8192,192,2,64148,0,5.011613848s,12799.87,13.642596ms,29.295417ms,38.427864ms,49.217376ms,365.093µs,72.147618ms,13642596,29295417,38427864,49217376,365093,72147618
